{"mean": [0.0, 0.0, 0.0, 0.1326006808284235, -0.09648879638174626, -0.04401343549853799, 0.20395855532530385, -0.2538431885399621, -0.06334347647754549, 0.17068265371939884, -0.3843846323902087, -0.07974213351525605, 0.10628967852559405, -0.44470695888129824, -0.09371553065219589, 0.11021582732405477, -0.4864937360381832, -0.03130085721289598, 0.09900292813111052, -0.6332071527988117, -0.06903824939038995, 0.0968844879973549, -0.6401906396251669, -0.0957063459856104, 0.09669866098679837, -0.6412681408474313, -0.11152585109107493, 0.013766345339241504, -0.48623935406489105, -0.03193707002420549, -0.0019747471157800915, -0.6237444921755356, -0.07628513451080622, 0.01511107523478887, -0.5627701578823103, -0.09930039132753832, 0.030844537686879513, -0.5214793797992232, -0.10810843485671376, -0.06958451110928261, -0.44812288798978595, -0.039108758460739954, -0.08587861357553224, -0.5528038080924373, -0.09141936899685471, -0.04402278793877042, -0.4448623684305979, -0.10211194585345543, -0.011007421864457405, -0.3684643996566833, -0.0972071253402674, -0.14296016145009885, -0.38410086407402566, -0.04919595930150518, -0.15514514833548035, -0.4734732258041099, -0.08721752824454301, -0.12838713627483808, -0.4225136611429938, -0.09015858530088863, -0.10773374154831333, -0.3829048081720827, -0.0847152069321543, 0.8168412332500109, 0.7488194671017487, 0.7918033373344088, 0.8159638345914827, 0.6639318952664718, 0.7965890038469586, 0.8270239128073785, 0.5105362639105233, 0.8183994926996263, 0.8153747848014005, 0.35911087018545035, 0.8086224043870173, 0.7815695461860349, 0.4605109146311927, 0.7621842674198415, 0.4303094755143191, 0.401897059887659, 0.38846286913975164, 0.4654234586157293, 0.2904284262990255, 0.4736896937658592, 0.6063602499350811, 0.27028165144412075, 0.44495303138542797, 0.23187787825153502, 0.6681399640793978, 0.8509697029078668, 0.7029384533950809, 0.5141909284726347, 0.5431815478657666, 0.43030946368768974, 0.4018970487976604, 0.38846285822094523, 0.46542344572652666, 0.29042841841129863, 0.47368968101300263, 0.6063602333212423, 0.27028164403519706, 0.4449530193163297, 0.23187787166304272, 0.5237266882803625, 0.414530658944478, 0.3921051045305179, 0.3084355028697099, 0.28020293783511563, -0.44470695888129824, -0.6412681408474313, -0.5214793797992232, -0.3684643996566833, -0.3829048081720827], "scale": [1.0, 1.0, 1.0, 0.16874266650146058, 0.10988132865941404, 0.04665155952045153, 0.29222601130506265, 0.19141656071840177, 0.06369431512096584, 0.35734383276452897, 0.26823717366444544, 0.07376627484867185, 0.4089421693467378, 0.32181722451874234, 0.08440152715805, 0.2747404357942857, 0.15776034005503622, 0.07340703510896457, 0.35623834367183077, 0.23634251903722006, 0.08836899812822308, 0.40347411132233246, 0.2999948836374308, 0.09580034650063426, 0.4462292559915275, 0.37369232159315885, 0.1002409874489907, 0.22829836292312813, 0.1492086375554939, 0.060095587798250034, 0.31514073943500154, 0.2517584674461837, 0.0770661810614198, 0.33204570671634664, 0.33497843507761826, 0.0799318870506082, 0.3502775727347835, 0.41876241454029756, 0.08059997149762065, 0.21709440746962963, 0.1539967956523468, 0.053077055288735076, 0.29171393306276083, 0.2560039219683709, 0.07081741854033691, 0.28729525210073514, 0.30223734599262064, 0.07039044616853245, 0.2889748540106287, 0.3452856247411276, 0.06896242678188635, 0.23718193003845794, 0.16701383496994515, 0.05545285192478791, 0.29870637308312575, 0.24555379642515707, 0.06848074621663401, 0.31415028711793047, 0.28613275256507875, 0.06826485395086809, 0.3320228436165698, 0.3295943825672712, 0.06769818105254713, 0.12425004800805473, 0.16195449634967546, 0.16335323829725418, 0.16763311626812996, 0.33401955789727705, 0.20714924117571276, 0.1923335208801025, 0.3732281622403347, 0.17726308967798293, 0.19934801527598825, 0.3302014992117355, 0.1857731739844669, 0.19707202538654417, 0.3299553100967151, 0.22192467130391022, 0.18631175305225914, 0.2047315439735447, 0.24056514267092055, 0.2789427433764892, 0.21057413619283355, 0.22513778327615028, 0.2111222359434963, 0.23161521098904825, 0.248353439204388, 0.2005508401883422, 0.18289555911986485, 0.18759668692837755, 0.2771750186022406, 0.27243988966559446, 0.2864403613610057, 0.18631174830358282, 0.20473153859479026, 0.2405651357529708, 0.27894273530109615, 0.21057413060102284, 0.2251377778056308, 0.21112223068905867, 0.23161520501020383, 0.24835343290643036, 0.2005508343622535, 0.13240098234458894, 0.2328652239326505, 0.2595890542992334, 0.2235241393947887, 0.17755113873559947, 0.32181722451874234, 0.37369232159315885, 0.41876241454029756, 0.3452856247411276, 0.3295943825672712]}